<svg xmlns="http://www.w3.org/2000/svg"
width= "90px" height= "90px"  version= "1.1" >
<g>
<line style="stroke-width: 2px; stroke: black; fill:white"
x1="90.00" x2="84.00" y1="90.00" y2="90.00"  /> 
<line style="stroke-width: 2px; stroke: black; fill:white"
x1="84.00" x2="84.00" y1="90.00" y2="84.00"  /> 
<line style="stroke-width: 2px; stroke: black; fill:white"
x1="84.00" x2="90.00" y1="84.00" y2="84.00"  /> 
<line style="stroke-width: 2px; stroke: black; fill:white"
x1="90.00" x2="90.00" y1="84.00" y2="78.00"  /> 
<line style="stroke-width: 2px; stroke: black; fill:white"
x1="90.00" x2="90.00" y1="78.00" y2="72.00"  /> 
<line style="stroke-width: 2px; stroke: black; fill:white"
x1="90.00" x2="84.00" y1="72.00" y2="72.00"  /> 
<line style="stroke-width: 2px; stroke: black; fill:white"
x1="84.00" x2="84.00" y1="72.00" y2="78.00"  /> 
<line style="stroke-width: 2px; stroke: black; fill:white"
x1="84.00" x2="78.00" y1="78.00" y2="78.00"  /> 
<line style="stroke-width: 2px; stroke: black; fill:white"
x1="78.00" x2="78.00" y1="78.00" y2="72.00"  /> 
<line style="stroke-width: 2px; stroke: black; fill:white"
x1="78.00" x2="72.00" y1="72.00" y2="72.00"  /> 
<line style="stroke-width: 2px; stroke: black; fill:white"
x1="72.00" x2="72.00" y1="72.00" y2="78.00"  /> 
<line style="stroke-width: 2px; stroke: black; fill:white"
x1="72.00" x2="72.00" y1="78.00" y2="84.00"  /> 
<line style="stroke-width: 2px; stroke: black; fill:white"
x1="72.00" x2="78.00" y1="84.00" y2="84.00"  /> 
<line style="stroke-width: 2px; stroke: black; fill:white"
x1="78.00" x2="78.00" y1="84.00" y2="90.00"  /> 
<line style="stroke-width: 2px; stroke: black; fill:white"
x1="78.00" x2="72.00" y1="90.00" y2="90.00"  /> 
<line style="stroke-width: 2px; stroke: black; fill:white"
x1="72.00" x2="66.00" y1="90.00" y2="90.00"  /> 
<line style="stroke-width: 2px; stroke: black; fill:white"
x1="66.00" x2="66.00" y1="90.00" y2="84.00"  /> 
<line style="stroke-width: 2px; stroke: black; fill:white"
x1="66.00" x2="60.00" y1="84.00" y2="84.00"  /> 
<line style="stroke-width: 2px; stroke: black; fill:white"
x1="60.00" x2="60.00" y1="84.00" y2="90.00"  /> 
<line style="stroke-width: 2px; stroke: black; fill:white"
x1="60.00" x2="54.00" y1="90.00" y2="90.00"  /> 
<line style="stroke-width: 2px; stroke: black; fill:white"
x1="54.00" x2="48.00" y1="90.00" y2="90.00"  /> 
<line style="stroke-width: 2px; stroke: black; fill:white"
x1="48.00" x2="48.00" y1="90.00" y2="84.00"  /> 
<line style="stroke-width: 2px; stroke: black; fill:white"
x1="48.00" x2="54.00" y1="84.00" y2="84.00"  /> 
<line style="stroke-width: 2px; stroke: black; fill:white"
x1="54.00" x2="54.00" y1="84.00" y2="78.00"  /> 
<line style="stroke-width: 2px; stroke: black; fill:white"
x1="54.00" x2="48.00" y1="78.00" y2="78.00"  /> 
<line style="stroke-width: 2px; stroke: black; fill:white"
x1="48.00" x2="48.00" y1="78.00" y2="72.00"  /> 
<line style="stroke-width: 2px; stroke: black; fill:white"
x1="48.00" x2="54.00" y1="72.00" y2="72.00"  /> 
<line style="stroke-width: 2px; stroke: black; fill:white"
x1="54.00" x2="60.00" y1="72.00" y2="72.00"  /> 
<line style="stroke-width: 2px; stroke: black; fill:white"
x1="60.00" x2="60.00" y1="72.00" y2="78.00"  /> 
<line style="stroke-width: 2px; stroke: black; fill:white"
x1="60.00" x2="66.00" y1="78.00" y2="78.00"  /> 
<line style="stroke-width: 2px; stroke: black; fill:white"
x1="66.00" x2="66.00" y1="78.00" y2="72.00"  /> 
<line style="stroke-width: 2px; stroke: black; fill:white"
x1="66.00" x2="66.00" y1="72.00" y2="66.00"  /> 
<line style="stroke-width: 2px; stroke: black; fill:white"
x1="66.00" x2="66.00" y1="66.00" y2="60.00"  /> 
<line style="stroke-width: 2px; stroke: black; fill:white"
x1="66.00" x2="60.00" y1="60.00" y2="60.00"  /> 
<line style="stroke-width: 2px; stroke: black; fill:white"
x1="60.00" x2="60.00" y1="60.00" y2="66.00"  /> 
<line style="stroke-width: 2px; stroke: black; fill:white"
x1="60.00" x2="54.00" y1="66.00" y2="66.00"  /> 
<line style="stroke-width: 2px; stroke: black; fill:white"
x1="54.00" x2="48.00" y1="66.00" y2="66.00"  /> 
<line style="stroke-width: 2px; stroke: black; fill:white"
x1="48.00" x2="48.00" y1="66.00" y2="60.00"  /> 
<line style="stroke-width: 2px; stroke: black; fill:white"
x1="48.00" x2="54.00" y1="60.00" y2="60.00"  /> 
<line style="stroke-width: 2px; stroke: black; fill:white"
x1="54.00" x2="54.00" y1="60.00" y2="54.00"  /> 
<line style="stroke-width: 2px; stroke: black; fill:white"
x1="54.00" x2="48.00" y1="54.00" y2="54.00"  /> 
<line style="stroke-width: 2px; stroke: black; fill:white"
x1="48.00" x2="48.00" y1="54.00" y2="48.00"  /> 
<line style="stroke-width: 2px; stroke: black; fill:white"
x1="48.00" x2="54.00" y1="48.00" y2="48.00"  /> 
<line style="stroke-width: 2px; stroke: black; fill:white"
x1="54.00" x2="60.00" y1="48.00" y2="48.00"  /> 
<line style="stroke-width: 2px; stroke: black; fill:white"
x1="60.00" x2="60.00" y1="48.00" y2="54.00"  /> 
<line style="stroke-width: 2px; stroke: black; fill:white"
x1="60.00" x2="66.00" y1="54.00" y2="54.00"  /> 
<line style="stroke-width: 2px; stroke: black; fill:white"
x1="66.00" x2="66.00" y1="54.00" y2="48.00"  /> 
<line style="stroke-width: 2px; stroke: black; fill:white"
x1="66.00" x2="72.00" y1="48.00" y2="48.00"  /> 
<line style="stroke-width: 2px; stroke: black; fill:white"
x1="72.00" x2="78.00" y1="48.00" y2="48.00"  /> 
<line style="stroke-width: 2px; stroke: black; fill:white"
x1="78.00" x2="78.00" y1="48.00" y2="54.00"  /> 
<line style="stroke-width: 2px; stroke: black; fill:white"
x1="78.00" x2="72.00" y1="54.00" y2="54.00"  /> 
<line style="stroke-width: 2px; stroke: black; fill:white"
x1="72.00" x2="72.00" y1="54.00" y2="60.00"  /> 
<line style="stroke-width: 2px; stroke: black; fill:white"
x1="72.00" x2="72.00" y1="60.00" y2="66.00"  /> 
<line style="stroke-width: 2px; stroke: black; fill:white"
x1="72.00" x2="78.00" y1="66.00" y2="66.00"  /> 
<line style="stroke-width: 2px; stroke: black; fill:white"
x1="78.00" x2="78.00" y1="66.00" y2="60.00"  /> 
<line style="stroke-width: 2px; stroke: black; fill:white"
x1="78.00" x2="84.00" y1="60.00" y2="60.00"  /> 
<line style="stroke-width: 2px; stroke: black; fill:white"
x1="84.00" x2="84.00" y1="60.00" y2="66.00"  /> 
<line style="stroke-width: 2px; stroke: black; fill:white"
x1="84.00" x2="90.00" y1="66.00" y2="66.00"  /> 
<line style="stroke-width: 2px; stroke: black; fill:white"
x1="90.00" x2="90.00" y1="66.00" y2="60.00"  /> 
<line style="stroke-width: 2px; stroke: black; fill:white"
x1="90.00" x2="90.00" y1="60.00" y2="54.00"  /> 
<line style="stroke-width: 2px; stroke: black; fill:white"
x1="90.00" x2="84.00" y1="54.00" y2="54.00"  /> 
<line style="stroke-width: 2px; stroke: black; fill:white"
x1="84.00" x2="84.00" y1="54.00" y2="48.00"  /> 
<line style="stroke-width: 2px; stroke: black; fill:white"
x1="84.00" x2="90.00" y1="48.00" y2="48.00"  /> 
<line style="stroke-width: 2px; stroke: black; fill:white"
x1="90.00" x2="90.00" y1="48.00" y2="42.00"  /> 
<line style="stroke-width: 2px; stroke: black; fill:white"
x1="90.00" x2="90.00" y1="42.00" y2="36.00"  /> 
<line style="stroke-width: 2px; stroke: black; fill:white"
x1="90.00" x2="84.00" y1="36.00" y2="36.00"  /> 
<line style="stroke-width: 2px; stroke: black; fill:white"
x1="84.00" x2="84.00" y1="36.00" y2="42.00"  /> 
<line style="stroke-width: 2px; stroke: black; fill:white"
x1="84.00" x2="78.00" y1="42.00" y2="42.00"  /> 
<line style="stroke-width: 2px; stroke: black; fill:white"
x1="78.00" x2="72.00" y1="42.00" y2="42.00"  /> 
<line style="stroke-width: 2px; stroke: black; fill:white"
x1="72.00" x2="72.00" y1="42.00" y2="36.00"  /> 
<line style="stroke-width: 2px; stroke: black; fill:white"
x1="72.00" x2="78.00" y1="36.00" y2="36.00"  /> 
<line style="stroke-width: 2px; stroke: black; fill:white"
x1="78.00" x2="78.00" y1="36.00" y2="30.00"  /> 
<line style="stroke-width: 2px; stroke: black; fill:white"
x1="78.00" x2="72.00" y1="30.00" y2="30.00"  /> 
<line style="stroke-width: 2px; stroke: black; fill:white"
x1="72.00" x2="72.00" y1="30.00" y2="24.00"  /> 
<line style="stroke-width: 2px; stroke: black; fill:white"
x1="72.00" x2="78.00" y1="24.00" y2="24.00"  /> 
<line style="stroke-width: 2px; stroke: black; fill:white"
x1="78.00" x2="84.00" y1="24.00" y2="24.00"  /> 
<line style="stroke-width: 2px; stroke: black; fill:white"
x1="84.00" x2="84.00" y1="24.00" y2="30.00"  /> 
<line style="stroke-width: 2px; stroke: black; fill:white"
x1="84.00" x2="90.00" y1="30.00" y2="30.00"  /> 
<line style="stroke-width: 2px; stroke: black; fill:white"
x1="90.00" x2="90.00" y1="30.00" y2="24.00"  /> 
<line style="stroke-width: 2px; stroke: black; fill:white"
x1="90.00" x2="90.00" y1="24.00" y2="18.00"  /> 
<line style="stroke-width: 2px; stroke: black; fill:white"
x1="90.00" x2="84.00" y1="18.00" y2="18.00"  /> 
<line style="stroke-width: 2px; stroke: black; fill:white"
x1="84.00" x2="84.00" y1="18.00" y2="12.00"  /> 
<line style="stroke-width: 2px; stroke: black; fill:white"
x1="84.00" x2="90.00" y1="12.00" y2="12.00"  /> 
<line style="stroke-width: 2px; stroke: black; fill:white"
x1="90.00" x2="90.00" y1="12.00" y2="6.00"  /> 
<line style="stroke-width: 2px; stroke: black; fill:white"
x1="90.00" x2="90.00" y1="6.00" y2="0.00"  /> 
<line style="stroke-width: 2px; stroke: black; fill:white"
x1="90.00" x2="84.00" y1="0.00" y2="0.00"  /> 
<line style="stroke-width: 2px; stroke: black; fill:white"
x1="84.00" x2="84.00" y1="0.00" y2="6.00"  /> 
<line style="stroke-width: 2px; stroke: black; fill:white"
x1="84.00" x2="78.00" y1="6.00" y2="6.00"  /> 
<line style="stroke-width: 2px; stroke: black; fill:white"
x1="78.00" x2="78.00" y1="6.00" y2="0.00"  /> 
<line style="stroke-width: 2px; stroke: black; fill:white"
x1="78.00" x2="72.00" y1="0.00" y2="0.00"  /> 
<line style="stroke-width: 2px; stroke: black; fill:white"
x1="72.00" x2="72.00" y1="0.00" y2="6.00"  /> 
<line style="stroke-width: 2px; stroke: black; fill:white"
x1="72.00" x2="72.00" y1="6.00" y2="12.00"  /> 
<line style="stroke-width: 2px; stroke: black; fill:white"
x1="72.00" x2="78.00" y1="12.00" y2="12.00"  /> 
<line style="stroke-width: 2px; stroke: black; fill:white"
x1="78.00" x2="78.00" y1="12.00" y2="18.00"  /> 
<line style="stroke-width: 2px; stroke: black; fill:white"
x1="78.00" x2="72.00" y1="18.00" y2="18.00"  /> 
<line style="stroke-width: 2px; stroke: black; fill:white"
x1="72.00" x2="66.00" y1="18.00" y2="18.00"  /> 
<line style="stroke-width: 2px; stroke: black; fill:white"
x1="66.00" x2="60.00" y1="18.00" y2="18.00"  /> 
<line style="stroke-width: 2px; stroke: black; fill:white"
x1="60.00" x2="60.00" y1="18.00" y2="12.00"  /> 
<line style="stroke-width: 2px; stroke: black; fill:white"
x1="60.00" x2="66.00" y1="12.00" y2="12.00"  /> 
<line style="stroke-width: 2px; stroke: black; fill:white"
x1="66.00" x2="66.00" y1="12.00" y2="6.00"  /> 
<line style="stroke-width: 2px; stroke: black; fill:white"
x1="66.00" x2="66.00" y1="6.00" y2="0.00"  /> 
<line style="stroke-width: 2px; stroke: black; fill:white"
x1="66.00" x2="60.00" y1="0.00" y2="0.00"  /> 
<line style="stroke-width: 2px; stroke: black; fill:white"
x1="60.00" x2="60.00" y1="0.00" y2="6.00"  /> 
<line style="stroke-width: 2px; stroke: black; fill:white"
x1="60.00" x2="54.00" y1="6.00" y2="6.00"  /> 
<line style="stroke-width: 2px; stroke: black; fill:white"
x1="54.00" x2="54.00" y1="6.00" y2="0.00"  /> 
<line style="stroke-width: 2px; stroke: black; fill:white"
x1="54.00" x2="48.00" y1="0.00" y2="0.00"  /> 
<line style="stroke-width: 2px; stroke: black; fill:white"
x1="48.00" x2="48.00" y1="0.00" y2="6.00"  /> 
<line style="stroke-width: 2px; stroke: black; fill:white"
x1="48.00" x2="48.00" y1="6.00" y2="12.00"  /> 
<line style="stroke-width: 2px; stroke: black; fill:white"
x1="48.00" x2="54.00" y1="12.00" y2="12.00"  /> 
<line style="stroke-width: 2px; stroke: black; fill:white"
x1="54.00" x2="54.00" y1="12.00" y2="18.00"  /> 
<line style="stroke-width: 2px; stroke: black; fill:white"
x1="54.00" x2="48.00" y1="18.00" y2="18.00"  /> 
<line style="stroke-width: 2px; stroke: black; fill:white"
x1="48.00" x2="48.00" y1="18.00" y2="24.00"  /> 
<line style="stroke-width: 2px; stroke: black; fill:white"
x1="48.00" x2="48.00" y1="24.00" y2="30.00"  /> 
<line style="stroke-width: 2px; stroke: black; fill:white"
x1="48.00" x2="54.00" y1="30.00" y2="30.00"  /> 
<line style="stroke-width: 2px; stroke: black; fill:white"
x1="54.00" x2="54.00" y1="30.00" y2="24.00"  /> 
<line style="stroke-width: 2px; stroke: black; fill:white"
x1="54.00" x2="60.00" y1="24.00" y2="24.00"  /> 
<line style="stroke-width: 2px; stroke: black; fill:white"
x1="60.00" x2="66.00" y1="24.00" y2="24.00"  /> 
<line style="stroke-width: 2px; stroke: black; fill:white"
x1="66.00" x2="66.00" y1="24.00" y2="30.00"  /> 
<line style="stroke-width: 2px; stroke: black; fill:white"
x1="66.00" x2="60.00" y1="30.00" y2="30.00"  /> 
<line style="stroke-width: 2px; stroke: black; fill:white"
x1="60.00" x2="60.00" y1="30.00" y2="36.00"  /> 
<line style="stroke-width: 2px; stroke: black; fill:white"
x1="60.00" x2="66.00" y1="36.00" y2="36.00"  /> 
<line style="stroke-width: 2px; stroke: black; fill:white"
x1="66.00" x2="66.00" y1="36.00" y2="42.00"  /> 
<line style="stroke-width: 2px; stroke: black; fill:white"
x1="66.00" x2="60.00" y1="42.00" y2="42.00"  /> 
<line style="stroke-width: 2px; stroke: black; fill:white"
x1="60.00" x2="54.00" y1="42.00" y2="42.00"  /> 
<line style="stroke-width: 2px; stroke: black; fill:white"
x1="54.00" x2="54.00" y1="42.00" y2="36.00"  /> 
<line style="stroke-width: 2px; stroke: black; fill:white"
x1="54.00" x2="48.00" y1="36.00" y2="36.00"  /> 
<line style="stroke-width: 2px; stroke: black; fill:white"
x1="48.00" x2="48.00" y1="36.00" y2="42.00"  /> 
<line style="stroke-width: 2px; stroke: black; fill:white"
x1="48.00" x2="42.00" y1="42.00" y2="42.00"  /> 
<line style="stroke-width: 2px; stroke: black; fill:white"
x1="42.00" x2="42.00" y1="42.00" y2="36.00"  /> 
<line style="stroke-width: 2px; stroke: black; fill:white"
x1="42.00" x2="36.00" y1="36.00" y2="36.00"  /> 
<line style="stroke-width: 2px; stroke: black; fill:white"
x1="36.00" x2="36.00" y1="36.00" y2="42.00"  /> 
<line style="stroke-width: 2px; stroke: black; fill:white"
x1="36.00" x2="30.00" y1="42.00" y2="42.00"  /> 
<line style="stroke-width: 2px; stroke: black; fill:white"
x1="30.00" x2="24.00" y1="42.00" y2="42.00"  /> 
<line style="stroke-width: 2px; stroke: black; fill:white"
x1="24.00" x2="24.00" y1="42.00" y2="36.00"  /> 
<line style="stroke-width: 2px; stroke: black; fill:white"
x1="24.00" x2="30.00" y1="36.00" y2="36.00"  /> 
<line style="stroke-width: 2px; stroke: black; fill:white"
x1="30.00" x2="30.00" y1="36.00" y2="30.00"  /> 
<line style="stroke-width: 2px; stroke: black; fill:white"
x1="30.00" x2="24.00" y1="30.00" y2="30.00"  /> 
<line style="stroke-width: 2px; stroke: black; fill:white"
x1="24.00" x2="24.00" y1="30.00" y2="24.00"  /> 
<line style="stroke-width: 2px; stroke: black; fill:white"
x1="24.00" x2="30.00" y1="24.00" y2="24.00"  /> 
<line style="stroke-width: 2px; stroke: black; fill:white"
x1="30.00" x2="36.00" y1="24.00" y2="24.00"  /> 
<line style="stroke-width: 2px; stroke: black; fill:white"
x1="36.00" x2="36.00" y1="24.00" y2="30.00"  /> 
<line style="stroke-width: 2px; stroke: black; fill:white"
x1="36.00" x2="42.00" y1="30.00" y2="30.00"  /> 
<line style="stroke-width: 2px; stroke: black; fill:white"
x1="42.00" x2="42.00" y1="30.00" y2="24.00"  /> 
<line style="stroke-width: 2px; stroke: black; fill:white"
x1="42.00" x2="42.00" y1="24.00" y2="18.00"  /> 
<line style="stroke-width: 2px; stroke: black; fill:white"
x1="42.00" x2="36.00" y1="18.00" y2="18.00"  /> 
<line style="stroke-width: 2px; stroke: black; fill:white"
x1="36.00" x2="36.00" y1="18.00" y2="12.00"  /> 
<line style="stroke-width: 2px; stroke: black; fill:white"
x1="36.00" x2="42.00" y1="12.00" y2="12.00"  /> 
<line style="stroke-width: 2px; stroke: black; fill:white"
x1="42.00" x2="42.00" y1="12.00" y2="6.00"  /> 
<line style="stroke-width: 2px; stroke: black; fill:white"
x1="42.00" x2="42.00" y1="6.00" y2="0.00"  /> 
<line style="stroke-width: 2px; stroke: black; fill:white"
x1="42.00" x2="36.00" y1="0.00" y2="0.00"  /> 
<line style="stroke-width: 2px; stroke: black; fill:white"
x1="36.00" x2="36.00" y1="0.00" y2="6.00"  /> 
<line style="stroke-width: 2px; stroke: black; fill:white"
x1="36.00" x2="30.00" y1="6.00" y2="6.00"  /> 
<line style="stroke-width: 2px; stroke: black; fill:white"
x1="30.00" x2="30.00" y1="6.00" y2="0.00"  /> 
<line style="stroke-width: 2px; stroke: black; fill:white"
x1="30.00" x2="24.00" y1="0.00" y2="0.00"  /> 
<line style="stroke-width: 2px; stroke: black; fill:white"
x1="24.00" x2="24.00" y1="0.00" y2="6.00"  /> 
<line style="stroke-width: 2px; stroke: black; fill:white"
x1="24.00" x2="24.00" y1="6.00" y2="12.00"  /> 
<line style="stroke-width: 2px; stroke: black; fill:white"
x1="24.00" x2="30.00" y1="12.00" y2="12.00"  /> 
<line style="stroke-width: 2px; stroke: black; fill:white"
x1="30.00" x2="30.00" y1="12.00" y2="18.00"  /> 
<line style="stroke-width: 2px; stroke: black; fill:white"
x1="30.00" x2="24.00" y1="18.00" y2="18.00"  /> 
<line style="stroke-width: 2px; stroke: black; fill:white"
x1="24.00" x2="18.00" y1="18.00" y2="18.00"  /> 
<line style="stroke-width: 2px; stroke: black; fill:white"
x1="18.00" x2="12.00" y1="18.00" y2="18.00"  /> 
<line style="stroke-width: 2px; stroke: black; fill:white"
x1="12.00" x2="12.00" y1="18.00" y2="12.00"  /> 
<line style="stroke-width: 2px; stroke: black; fill:white"
x1="12.00" x2="18.00" y1="12.00" y2="12.00"  /> 
<line style="stroke-width: 2px; stroke: black; fill:white"
x1="18.00" x2="18.00" y1="12.00" y2="6.00"  /> 
<line style="stroke-width: 2px; stroke: black; fill:white"
x1="18.00" x2="18.00" y1="6.00" y2="0.00"  /> 
<line style="stroke-width: 2px; stroke: black; fill:white"
x1="18.00" x2="12.00" y1="0.00" y2="0.00"  /> 
<line style="stroke-width: 2px; stroke: black; fill:white"
x1="12.00" x2="12.00" y1="0.00" y2="6.00"  /> 
<line style="stroke-width: 2px; stroke: black; fill:white"
x1="12.00" x2="6.00" y1="6.00" y2="6.00"  /> 
<line style="stroke-width: 2px; stroke: black; fill:white"
x1="6.00" x2="6.00" y1="6.00" y2="0.00"  /> 
<line style="stroke-width: 2px; stroke: black; fill:white"
x1="6.00" x2="0.00" y1="0.00" y2="0.00"  /> 
<line style="stroke-width: 2px; stroke: black; fill:white"
x1="0.00" x2="0.00" y1="0.00" y2="6.00"  /> 
<line style="stroke-width: 2px; stroke: black; fill:white"
x1="0.00" x2="0.00" y1="6.00" y2="12.00"  /> 
<line style="stroke-width: 2px; stroke: black; fill:white"
x1="0.00" x2="6.00" y1="12.00" y2="12.00"  /> 
<line style="stroke-width: 2px; stroke: black; fill:white"
x1="6.00" x2="6.00" y1="12.00" y2="18.00"  /> 
<line style="stroke-width: 2px; stroke: black; fill:white"
x1="6.00" x2="0.00" y1="18.00" y2="18.00"  /> 
<line style="stroke-width: 2px; stroke: black; fill:white"
x1="0.00" x2="0.00" y1="18.00" y2="24.00"  /> 
<line style="stroke-width: 2px; stroke: black; fill:white"
x1="0.00" x2="0.00" y1="24.00" y2="30.00"  /> 
<line style="stroke-width: 2px; stroke: black; fill:white"
x1="0.00" x2="6.00" y1="30.00" y2="30.00"  /> 
<line style="stroke-width: 2px; stroke: black; fill:white"
x1="6.00" x2="6.00" y1="30.00" y2="24.00"  /> 
<line style="stroke-width: 2px; stroke: black; fill:white"
x1="6.00" x2="12.00" y1="24.00" y2="24.00"  /> 
<line style="stroke-width: 2px; stroke: black; fill:white"
x1="12.00" x2="18.00" y1="24.00" y2="24.00"  /> 
<line style="stroke-width: 2px; stroke: black; fill:white"
x1="18.00" x2="18.00" y1="24.00" y2="30.00"  /> 
<line style="stroke-width: 2px; stroke: black; fill:white"
x1="18.00" x2="12.00" y1="30.00" y2="30.00"  /> 
<line style="stroke-width: 2px; stroke: black; fill:white"
x1="12.00" x2="12.00" y1="30.00" y2="36.00"  /> 
<line style="stroke-width: 2px; stroke: black; fill:white"
x1="12.00" x2="18.00" y1="36.00" y2="36.00"  /> 
<line style="stroke-width: 2px; stroke: black; fill:white"
x1="18.00" x2="18.00" y1="36.00" y2="42.00"  /> 
<line style="stroke-width: 2px; stroke: black; fill:white"
x1="18.00" x2="12.00" y1="42.00" y2="42.00"  /> 
<line style="stroke-width: 2px; stroke: black; fill:white"
x1="12.00" x2="6.00" y1="42.00" y2="42.00"  /> 
<line style="stroke-width: 2px; stroke: black; fill:white"
x1="6.00" x2="6.00" y1="42.00" y2="36.00"  /> 
<line style="stroke-width: 2px; stroke: black; fill:white"
x1="6.00" x2="0.00" y1="36.00" y2="36.00"  /> 
<line style="stroke-width: 2px; stroke: black; fill:white"
x1="0.00" x2="0.00" y1="36.00" y2="42.00"  /> 
<line style="stroke-width: 2px; stroke: black; fill:white"
x1="0.00" x2="0.00" y1="42.00" y2="48.00"  /> 
<line style="stroke-width: 2px; stroke: black; fill:white"
x1="0.00" x2="6.00" y1="48.00" y2="48.00"  /> 
<line style="stroke-width: 2px; stroke: black; fill:white"
x1="6.00" x2="6.00" y1="48.00" y2="54.00"  /> 
<line style="stroke-width: 2px; stroke: black; fill:white"
x1="6.00" x2="0.00" y1="54.00" y2="54.00"  /> 
<line style="stroke-width: 2px; stroke: black; fill:white"
x1="0.00" x2="0.00" y1="54.00" y2="60.00"  /> 
<line style="stroke-width: 2px; stroke: black; fill:white"
x1="0.00" x2="0.00" y1="60.00" y2="66.00"  /> 
<line style="stroke-width: 2px; stroke: black; fill:white"
x1="0.00" x2="6.00" y1="66.00" y2="66.00"  /> 
<line style="stroke-width: 2px; stroke: black; fill:white"
x1="6.00" x2="6.00" y1="66.00" y2="60.00"  /> 
<line style="stroke-width: 2px; stroke: black; fill:white"
x1="6.00" x2="12.00" y1="60.00" y2="60.00"  /> 
<line style="stroke-width: 2px; stroke: black; fill:white"
x1="12.00" x2="12.00" y1="60.00" y2="66.00"  /> 
<line style="stroke-width: 2px; stroke: black; fill:white"
x1="12.00" x2="18.00" y1="66.00" y2="66.00"  /> 
<line style="stroke-width: 2px; stroke: black; fill:white"
x1="18.00" x2="18.00" y1="66.00" y2="60.00"  /> 
<line style="stroke-width: 2px; stroke: black; fill:white"
x1="18.00" x2="18.00" y1="60.00" y2="54.00"  /> 
<line style="stroke-width: 2px; stroke: black; fill:white"
x1="18.00" x2="12.00" y1="54.00" y2="54.00"  /> 
<line style="stroke-width: 2px; stroke: black; fill:white"
x1="12.00" x2="12.00" y1="54.00" y2="48.00"  /> 
<line style="stroke-width: 2px; stroke: black; fill:white"
x1="12.00" x2="18.00" y1="48.00" y2="48.00"  /> 
<line style="stroke-width: 2px; stroke: black; fill:white"
x1="18.00" x2="24.00" y1="48.00" y2="48.00"  /> 
<line style="stroke-width: 2px; stroke: black; fill:white"
x1="24.00" x2="24.00" y1="48.00" y2="54.00"  /> 
<line style="stroke-width: 2px; stroke: black; fill:white"
x1="24.00" x2="30.00" y1="54.00" y2="54.00"  /> 
<line style="stroke-width: 2px; stroke: black; fill:white"
x1="30.00" x2="30.00" y1="54.00" y2="48.00"  /> 
<line style="stroke-width: 2px; stroke: black; fill:white"
x1="30.00" x2="36.00" y1="48.00" y2="48.00"  /> 
<line style="stroke-width: 2px; stroke: black; fill:white"
x1="36.00" x2="42.00" y1="48.00" y2="48.00"  /> 
<line style="stroke-width: 2px; stroke: black; fill:white"
x1="42.00" x2="42.00" y1="48.00" y2="54.00"  /> 
<line style="stroke-width: 2px; stroke: black; fill:white"
x1="42.00" x2="36.00" y1="54.00" y2="54.00"  /> 
<line style="stroke-width: 2px; stroke: black; fill:white"
x1="36.00" x2="36.00" y1="54.00" y2="60.00"  /> 
<line style="stroke-width: 2px; stroke: black; fill:white"
x1="36.00" x2="42.00" y1="60.00" y2="60.00"  /> 
<line style="stroke-width: 2px; stroke: black; fill:white"
x1="42.00" x2="42.00" y1="60.00" y2="66.00"  /> 
<line style="stroke-width: 2px; stroke: black; fill:white"
x1="42.00" x2="36.00" y1="66.00" y2="66.00"  /> 
<line style="stroke-width: 2px; stroke: black; fill:white"
x1="36.00" x2="30.00" y1="66.00" y2="66.00"  /> 
<line style="stroke-width: 2px; stroke: black; fill:white"
x1="30.00" x2="30.00" y1="66.00" y2="60.00"  /> 
<line style="stroke-width: 2px; stroke: black; fill:white"
x1="30.00" x2="24.00" y1="60.00" y2="60.00"  /> 
<line style="stroke-width: 2px; stroke: black; fill:white"
x1="24.00" x2="24.00" y1="60.00" y2="66.00"  /> 
<line style="stroke-width: 2px; stroke: black; fill:white"
x1="24.00" x2="24.00" y1="66.00" y2="72.00"  /> 
<line style="stroke-width: 2px; stroke: black; fill:white"
x1="24.00" x2="24.00" y1="72.00" y2="78.00"  /> 
<line style="stroke-width: 2px; stroke: black; fill:white"
x1="24.00" x2="30.00" y1="78.00" y2="78.00"  /> 
<line style="stroke-width: 2px; stroke: black; fill:white"
x1="30.00" x2="30.00" y1="78.00" y2="72.00"  /> 
<line style="stroke-width: 2px; stroke: black; fill:white"
x1="30.00" x2="36.00" y1="72.00" y2="72.00"  /> 
<line style="stroke-width: 2px; stroke: black; fill:white"
x1="36.00" x2="42.00" y1="72.00" y2="72.00"  /> 
<line style="stroke-width: 2px; stroke: black; fill:white"
x1="42.00" x2="42.00" y1="72.00" y2="78.00"  /> 
<line style="stroke-width: 2px; stroke: black; fill:white"
x1="42.00" x2="36.00" y1="78.00" y2="78.00"  /> 
<line style="stroke-width: 2px; stroke: black; fill:white"
x1="36.00" x2="36.00" y1="78.00" y2="84.00"  /> 
<line style="stroke-width: 2px; stroke: black; fill:white"
x1="36.00" x2="42.00" y1="84.00" y2="84.00"  /> 
<line style="stroke-width: 2px; stroke: black; fill:white"
x1="42.00" x2="42.00" y1="84.00" y2="90.00"  /> 
<line style="stroke-width: 2px; stroke: black; fill:white"
x1="42.00" x2="36.00" y1="90.00" y2="90.00"  /> 
<line style="stroke-width: 2px; stroke: black; fill:white"
x1="36.00" x2="30.00" y1="90.00" y2="90.00"  /> 
<line style="stroke-width: 2px; stroke: black; fill:white"
x1="30.00" x2="30.00" y1="90.00" y2="84.00"  /> 
<line style="stroke-width: 2px; stroke: black; fill:white"
x1="30.00" x2="24.00" y1="84.00" y2="84.00"  /> 
<line style="stroke-width: 2px; stroke: black; fill:white"
x1="24.00" x2="24.00" y1="84.00" y2="90.00"  /> 
<line style="stroke-width: 2px; stroke: black; fill:white"
x1="24.00" x2="18.00" y1="90.00" y2="90.00"  /> 
<line style="stroke-width: 2px; stroke: black; fill:white"
x1="18.00" x2="12.00" y1="90.00" y2="90.00"  /> 
<line style="stroke-width: 2px; stroke: black; fill:white"
x1="12.00" x2="12.00" y1="90.00" y2="84.00"  /> 
<line style="stroke-width: 2px; stroke: black; fill:white"
x1="12.00" x2="18.00" y1="84.00" y2="84.00"  /> 
<line style="stroke-width: 2px; stroke: black; fill:white"
x1="18.00" x2="18.00" y1="84.00" y2="78.00"  /> 
<line style="stroke-width: 2px; stroke: black; fill:white"
x1="18.00" x2="18.00" y1="78.00" y2="72.00"  /> 
<line style="stroke-width: 2px; stroke: black; fill:white"
x1="18.00" x2="12.00" y1="72.00" y2="72.00"  /> 
<line style="stroke-width: 2px; stroke: black; fill:white"
x1="12.00" x2="12.00" y1="72.00" y2="78.00"  /> 
<line style="stroke-width: 2px; stroke: black; fill:white"
x1="12.00" x2="6.00" y1="78.00" y2="78.00"  /> 
<line style="stroke-width: 2px; stroke: black; fill:white"
x1="6.00" x2="6.00" y1="78.00" y2="72.00"  /> 
<line style="stroke-width: 2px; stroke: black; fill:white"
x1="6.00" x2="0.00" y1="72.00" y2="72.00"  /> 
<line style="stroke-width: 2px; stroke: black; fill:white"
x1="0.00" x2="0.00" y1="72.00" y2="78.00"  /> 
<line style="stroke-width: 2px; stroke: black; fill:white"
x1="0.00" x2="0.00" y1="78.00" y2="84.00"  /> 
<line style="stroke-width: 2px; stroke: black; fill:white"
x1="0.00" x2="6.00" y1="84.00" y2="84.00"  /> 
<line style="stroke-width: 2px; stroke: black; fill:white"
x1="6.00" x2="6.00" y1="84.00" y2="90.00"  /> 
<line style="stroke-width: 2px; stroke: black; fill:white"
x1="6.00" x2="0.00" y1="90.00" y2="90.00"  /> 
</g>
</svg>